{"2023-05":{"const":5.2277965539,"NENFANTS":0.1649610701,"Moins de 30 ans":-0.3520978778,"De 30 \u00e0 44 ans":-0.1884826657,"De 60 \u00e0 74 ans":0.3376961064,"75 ans et plus":0.4220435405,"Rural et petite ville":-0.2532189202,"Grande ville":0.0854215161,"Pauvre":0.5600015921,"Riche":0.1389273238,"Habite en couple":0.1616773321,"Propri\u00e9taire":0.5409930494,"Chauffage \u00e9lectrique individuel":0.0272613416,"Chauffage non-\u00e9lectrique":-0.4321925416,"Pavillonnaire":-0.1457595211,"inflationMoyenne":6.0},"2023-04":{"const":5.8139098724,"NENFANTS":0.1731391349,"Moins de 30 ans":-0.3761736071,"De 30 \u00e0 44 ans":-0.2326758991,"De 60 \u00e0 74 ans":0.3419919604,"75 ans et plus":0.3698399381,"Rural et petite ville":-0.1890887674,"Grande ville":0.0333009758,"Pauvre":0.5066586804,"Riche":0.1282113957,"Habite en couple":0.2406903747,"Propri\u00e9taire":0.7504856024,"Chauffage \u00e9lectrique individuel":-0.0970049951,"Chauffage non-\u00e9lectrique":-0.4337677915,"Pavillonnaire":-0.010090712,"inflationMoyenne":6.9},"2023-03":{"const":6.1904548321,"NENFANTS":0.1882315108,"Moins de 30 ans":-0.4845496742,"De 30 \u00e0 44 ans":-0.2919426937,"De 60 \u00e0 74 ans":0.5611040741,"75 ans et plus":0.8015875691,"Rural et petite ville":-0.3105428522,"Grande ville":0.1099115725,"Pauvre":0.6028999796,"Riche":0.1717109151,"Habite en couple":0.2600497585,"Propri\u00e9taire":0.8363706468,"Chauffage \u00e9lectrique individuel":-0.2925467708,"Chauffage non-\u00e9lectrique":-0.6703871135,"Pavillonnaire":-0.0202371905,"inflationMoyenne":6.7},"2023-02":{"const":6.5989226265,"NENFANTS":0.1396943776,"Moins de 30 ans":-0.5169679775,"De 30 \u00e0 44 ans":-0.3069868685,"De 60 \u00e0 74 ans":0.4904820698,"75 ans et plus":0.6339305102,"Rural et petite ville":-0.0743507576,"Grande ville":0.01501424,"Pauvre":0.3052703418,"Riche":0.0949826063,"Habite en couple":0.2959931324,"Propri\u00e9taire":1.1529353341,"Chauffage \u00e9lectrique individuel":-0.5450133396,"Chauffage non-\u00e9lectrique":-0.63234479,"Pavillonnaire":0.2218503118,"inflationMoyenne":7.3},"2023-01":{"const":6.1998055606,"NENFANTS":0.0976101469,"Moins de 30 ans":-0.4895911207,"De 30 \u00e0 44 ans":-0.3063319242,"De 60 \u00e0 74 ans":0.3436218017,"75 ans et plus":0.4278704372,"Rural et petite ville":0.1076850972,"Grande ville":-0.0538097591,"Pauvre":0.0903193506,"Riche":-0.0632442924,"Habite en couple":0.3103165008,"Propri\u00e9taire":1.268714781,"Chauffage \u00e9lectrique individuel":-0.8759790291,"Chauffage non-\u00e9lectrique":-0.6046545561,"Pavillonnaire":0.3268561959,"inflationMoyenne":7.0},"2022-12":{"const":5.7906135535,"NENFANTS":0.0929417419,"Moins de 30 ans":-0.3943049202,"De 30 \u00e0 44 ans":-0.1967765372,"De 60 \u00e0 74 ans":0.366902862,"75 ans et plus":0.4826915926,"Rural et petite ville":0.1832699293,"Grande ville":-0.0942149261,"Pauvre":0.0606922136,"Riche":0.1370511732,"Habite en couple":0.2582228618,"Propri\u00e9taire":1.3354484991,"Chauffage \u00e9lectrique individuel":-0.7073781781,"Chauffage non-\u00e9lectrique":-0.5590887583,"Pavillonnaire":0.3350169969,"inflationMoyenne":6.7},"2022-11":{"const":6.2618778763,"NENFANTS":0.0755789426,"Moins de 30 ans":-0.4998698495,"De 30 \u00e0 44 ans":-0.270797238,"De 60 \u00e0 74 ans":0.4096147955,"75 ans et plus":0.6586777238,"Rural et petite ville":0.2538182367,"Grande ville":-0.1262362101,"Pauvre":0.1285620568,"Riche":-0.0093714826,"Habite en couple":0.2281688814,"Propri\u00e9taire":1.4254658472,"Chauffage \u00e9lectrique individuel":-0.8424331299,"Chauffage non-\u00e9lectrique":-0.661859842,"Pavillonnaire":0.4681264252,"inflationMoyenne":7.1},"2022-10":{"const":6.1954788511,"NENFANTS":0.0656210818,"Moins de 30 ans":-0.5344186483,"De 30 \u00e0 44 ans":-0.2858667311,"De 60 \u00e0 74 ans":0.4599759584,"75 ans et plus":0.7922704575,"Rural et petite ville":0.2749251349,"Grande ville":-0.1100515177,"Pauvre":0.1635401573,"Riche":-0.0055801756,"Habite en couple":0.2283840445,"Propri\u00e9taire":1.4949748232,"Chauffage \u00e9lectrique individuel":-1.0308424651,"Chauffage non-\u00e9lectrique":-0.7684785708,"Pavillonnaire":0.5261497042,"inflationMoyenne":7.1},"2022-09":{"const":5.678223856,"NENFANTS":0.0431039005,"Moins de 30 ans":-0.4621378002,"De 30 \u00e0 44 ans":-0.2213614112,"De 60 \u00e0 74 ans":0.4231006518,"75 ans et plus":0.8602886236,"Rural et petite ville":0.2823113244,"Grande ville":-0.141616682,"Pauvre":0.1823651545,"Riche":0.0142434163,"Habite en couple":0.0824292099,"Propri\u00e9taire":1.3816160487,"Chauffage \u00e9lectrique individuel":-0.9870025897,"Chauffage non-\u00e9lectrique":-0.782615598,"Pavillonnaire":0.423458667,"inflationMoyenne":6.2},"2022-08":{"const":5.9472528269,"NENFANTS":0.0206228245,"Moins de 30 ans":-0.4350866211,"De 30 \u00e0 44 ans":-0.1981227926,"De 60 \u00e0 74 ans":0.2343947193,"75 ans et plus":0.2819334017,"Rural et petite ville":0.2842763699,"Grande ville":-0.1201284124,"Pauvre":-0.0982028795,"Riche":0.180936031,"Habite en couple":0.1346178332,"Propri\u00e9taire":1.5365419925,"Chauffage \u00e9lectrique individuel":-1.0767029036,"Chauffage non-\u00e9lectrique":-0.7426749716,"Pavillonnaire":0.4677710672,"inflationMoyenne":6.6},"2022-07":{"const":6.0268769203,"NENFANTS":-0.0418909661,"Moins de 30 ans":-0.5398154615,"De 30 \u00e0 44 ans":-0.2487421099,"De 60 \u00e0 74 ans":0.1996313213,"75 ans et plus":0.3004008962,"Rural et petite ville":0.3664883408,"Grande ville":-0.1532514192,"Pauvre":-0.2390240007,"Riche":0.0654049544,"Habite en couple":0.14626668,"Propri\u00e9taire":1.6243580641,"Chauffage \u00e9lectrique individuel":-1.2148100948,"Chauffage non-\u00e9lectrique":-0.8057444209,"Pavillonnaire":0.6190055016,"inflationMoyenne":6.8},"2022-06":{"const":6.0087742987,"NENFANTS":-0.0787752631,"Moins de 30 ans":-0.5694131315,"De 30 \u00e0 44 ans":-0.2723419481,"De 60 \u00e0 74 ans":0.1814161231,"75 ans et plus":0.3292408658,"Rural et petite ville":0.4107828956,"Grande ville":-0.2033648136,"Pauvre":-0.3304275031,"Riche":-0.1071335451,"Habite en couple":0.1075828531,"Propri\u00e9taire":1.6001268409,"Chauffage \u00e9lectrique individuel":-1.3484039359,"Chauffage non-\u00e9lectrique":-0.8204926526,"Pavillonnaire":0.7396258471,"inflationMoyenne":6.5},"2022-05":{"const":5.5404465899,"NENFANTS":-0.0461352117,"Moins de 30 ans":-0.3605150754,"De 30 \u00e0 44 ans":-0.17095378,"De 60 \u00e0 74 ans":0.1370868093,"75 ans et plus":0.367249321,"Rural et petite ville":0.3013124213,"Grande ville":-0.1829236589,"Pauvre":-0.3338136204,"Riche":-0.0748358938,"Habite en couple":-0.0036640534,"Propri\u00e9taire":1.3615832338,"Chauffage \u00e9lectrique individuel":-1.3860506459,"Chauffage non-\u00e9lectrique":-0.9741495092,"Pavillonnaire":0.6314109319,"inflationMoyenne":5.8},"2022-04":{"const":5.2566515692,"NENFANTS":-0.0597550037,"Moins de 30 ans":-0.3836363829,"De 30 \u00e0 44 ans":-0.1811789569,"De 60 \u00e0 74 ans":0.1022959575,"75 ans et plus":0.2964986983,"Rural et petite ville":0.2737919845,"Grande ville":-0.1280431582,"Pauvre":-0.0886732865,"Riche":-0.1210790605,"Habite en couple":-0.0516793625,"Propri\u00e9taire":1.2733690786,"Chauffage \u00e9lectrique individuel":-1.4179777336,"Chauffage non-\u00e9lectrique":-0.9805878428,"Pavillonnaire":0.7249323538,"inflationMoyenne":5.4},"2022-03":{"const":4.9116624237,"NENFANTS":-0.1364957873,"Moins de 30 ans":-0.4399029608,"De 30 \u00e0 44 ans":-0.2073057759,"De 60 \u00e0 74 ans":0.0613204293,"75 ans et plus":0.2117967102,"Rural et petite ville":0.3993151412,"Grande ville":-0.2404697772,"Pauvre":-0.2623052325,"Riche":-0.4049464373,"Habite en couple":-0.0555669996,"Propri\u00e9taire":1.2345291475,"Chauffage \u00e9lectrique individuel":-1.2166946569,"Chauffage non-\u00e9lectrique":-0.5677488697,"Pavillonnaire":0.7987033086,"inflationMoyenne":5.1},"2022-02":{"const":4.0411024551,"NENFANTS":-0.0604370797,"Moins de 30 ans":-0.2364071913,"De 30 \u00e0 44 ans":-0.1053704051,"De 60 \u00e0 74 ans":0.0330400644,"75 ans et plus":0.1574413912,"Rural et petite ville":0.0898913163,"Grande ville":-0.1036180147,