{"2023-04":{"const":5.7230489551,"NENFANTS":0.1197937598,"Moins de 30 ans":-0.5371640008,"De 30 \u00e0 44 ans":-0.2431652351,"De 60 \u00e0 74 ans":0.3456312913,"75 ans et plus":0.3118127533,"Rural":0.040874537,"Petite ville":0.0470038243,"Grande ville":0.215361984,"Agglom\u00e9ration parisienne":0.5282097413,"Pauvre":0.2383609419,"Riche":0.1111677222,"Habite en couple":0.1551986102,"Propri\u00e9taire":0.6904362384,"Chauffage \u00e9lectrique individuel":0.3428018157,"Chauffage non-\u00e9lectrique":-0.2970391738,"inflationMoyenne":6.9},"2023-03":{"const":6.0076151813,"NENFANTS":0.1380533065,"Moins de 30 ans":-0.6854593266,"De 30 \u00e0 44 ans":-0.318912662,"De 60 \u00e0 74 ans":0.591135374,"75 ans et plus":0.7349498127,"Rural":0.0427967336,"Petite ville":0.0868388245,"Grande ville":0.3455571401,"Agglom\u00e9ration parisienne":0.7726783811,"Pauvre":0.2923242755,"Riche":0.1550970885,"Habite en couple":0.1619102309,"Propri\u00e9taire":0.7491878199,"Chauffage \u00e9lectrique individuel":0.2205872447,"Chauffage non-\u00e9lectrique":-0.4310834081,"inflationMoyenne":6.7},"2023-02":{"const":6.6268572125,"NENFANTS":0.1180766499,"Moins de 30 ans":-0.7144316883,"De 30 \u00e0 44 ans":-0.3698989449,"De 60 \u00e0 74 ans":0.4957600351,"75 ans et plus":0.5823509409,"Rural":-0.0455570484,"Petite ville":-0.0387235179,"Grande ville":0.0346704633,"Agglom\u00e9ration parisienne":0.2049049341,"Pauvre":0.1610574261,"Riche":0.0696545349,"Habite en couple":0.2612290699,"Propri\u00e9taire":1.2235181386,"Chauffage \u00e9lectrique individuel":0.0679470048,"Chauffage non-\u00e9lectrique":-0.4835797739,"inflationMoyenne":7.3},"2023-01":{"const":6.2987619705,"NENFANTS":0.0948908795,"Moins de 30 ans":-0.6960369137,"De 30 \u00e0 44 ans":-0.3887777722,"De 60 \u00e0 74 ans":0.3350574826,"75 ans et plus":0.4051991615,"Rural":-0.0776241401,"Petite ville":-0.1104935571,"Grande ville":-0.1289439526,"Agglom\u00e9ration parisienne":-0.1859512918,"Pauvre":0.0849150191,"Riche":-0.0816937258,"Habite en couple":0.3047889203,"Propri\u00e9taire":1.414694078,"Chauffage \u00e9lectrique individuel":0.0955532218,"Chauffage non-\u00e9lectrique":-0.5192224978,"inflationMoyenne":7.0},"2022-12":{"const":5.9353762966,"NENFANTS":0.0906449779,"Moins de 30 ans":-0.572214463,"De 30 \u00e0 44 ans":-0.2682503354,"De 60 \u00e0 74 ans":0.3621655219,"75 ans et plus":0.4763280196,"Rural":-0.0619728209,"Petite ville":-0.1331432743,"Grande ville":-0.2016556389,"Agglom\u00e9ration parisienne":-0.2219974822,"Pauvre":0.035940165,"Riche":0.102873262,"Habite en couple":0.2735712841,"Propri\u00e9taire":1.4958713933,"Chauffage \u00e9lectrique individuel":0.1298341078,"Chauffage non-\u00e9lectrique":-0.5218639318,"inflationMoyenne":6.7},"2022-11":{"const":6.4548060795,"NENFANTS":0.0803312469,"Moins de 30 ans":-0.705119281,"De 30 \u00e0 44 ans":-0.3626352265,"De 60 \u00e0 74 ans":0.4051362938,"75 ans et plus":0.6516948046,"Rural":-0.0810766293,"Petite ville":-0.1799953356,"Grande ville":-0.3026862373,"Agglom\u00e9ration parisienne":-0.3661310659,"Pauvre":0.1313993374,"Riche":-0.037117781,"Habite en couple":0.2646258493,"Propri\u00e9taire":1.6701682382,"Chauffage \u00e9lectrique individuel":0.0354858098,"Chauffage non-\u00e9lectrique":-0.615028462,"inflationMoyenne":7.1},"2022-10":{"const":6.3853888986,"NENFANTS":0.0788485012,"Moins de 30 ans":-0.7482057819,"De 30 \u00e0 44 ans":-0.3936603188,"De 60 \u00e0 74 ans":0.452617964,"75 ans et plus":0.7878107814,"Rural":-0.1026011768,"Petite ville":-0.2143082131,"Grande ville":-0.3404249779,"Agglom\u00e9ration parisienne":-0.3803409955,"Pauvre":0.1720372363,"Riche":-0.040393469,"Habite en couple":0.2821127611,"Propri\u00e9taire":1.7861559352,"Chauffage \u00e9lectrique individuel":-0.2418882758,"Chauffage non-\u00e9lectrique":-0.6394140599,"inflationMoyenne":7.1},"2022-09":{"const":5.8028579686,"NENFANTS":0.0565204627,"Moins de 30 ans":-0.6328762921,"De 30 \u00e0 44 ans":-0.3056942732,"De 60 \u00e0 74 ans":0.4192257651,"75 ans et plus":0.875131221,"Rural":-0.0969452347,"Petite ville":-0.1995479453,"Grande ville":-0.3728467181,"Agglom\u00e9ration parisienne":-0.3834938732,"Pauvre":0.1893513866,"Riche":-0.0236136977,"Habite en couple":0.1408371121,"Propri\u00e9taire":1.6466196157,"Chauffage \u00e9lectrique individuel":-0.5941284636,"Chauffage non-\u00e9lectrique":-0.6224351971,"inflationMoyenne":6.2},"2022-08":{"const":6.1299860404,"NENFANTS":0.0516336531,"Moins de 30 ans":-0.5907359594,"De 30 \u00e0 44 ans":-0.2861938308,"De 60 \u00e0 74 ans":0.2120408374,"75 ans et plus":0.2972209686,"Rural":-0.1687373161,"Petite ville":-0.2055213768,"Grande ville":-0.4277303788,"Agglom\u00e9ration parisienne":-0.5021252626,"Pauvre":-0.0023752776,"Riche":0.1352715543,"Habite en couple":0.2118443959,"Propri\u00e9taire":1.8157861277,"Chauffage \u00e9lectrique individuel":-0.7232743924,"Chauffage non-\u00e9lectrique":-0.5985376202,"inflationMoyenne":6.6},"2022-07":{"const":6.2696752267,"NENFANTS":0.01599977,"Moins de 30 ans":-0.6657958172,"De 30 \u00e0 44 ans":-0.3574155719,"De 60 \u00e0 74 ans":0.1744449307,"75 ans et plus":0.3177655077,"Rural":-0.1975481832,"Petite ville":-0.236702217,"Grande ville":-0.5624112786,"Agglom\u00e9ration parisienne":-0.68288284,"Pauvre":0.005077999,"Riche":0.0193244732,"Habite en couple":0.2725938737,"Propri\u00e9taire":2.0025605681,"Chauffage \u00e9lectrique individuel":-0.9352874475,"Chauffage non-\u00e9lectrique":-0.708705719,"inflationMoyenne":6.8},"2022-06":{"const":6.2877270955,"NENFANTS":-0.0045551924,"Moins de 30 ans":-0.688347451,"De 30 \u00e0 44 ans":-0.3998353488,"De 60 \u00e0 74 ans":0.145250209,"75 ans et plus":0.348980666,"Rural":-0.2145447828,"Petite ville":-0.2500936122,"Grande ville":-0.640106436,"Agglom\u00e9ration parisienne":-1.0069186758,"Pauvre":0.0154468697,"Riche":-0.1303921954,"Habite en couple":0.263171082,"Propri\u00e9taire":2.0566918605,"Chauffage \u00e9lectrique individuel":-1.0781755066,"Chauffage non-\u00e9lectrique":-0.7574266818,"inflationMoyenne":6.5},"2022-05":{"const":5.676791728,"NENFANTS":0.0253088792,"Moins de 30 ans":-0.4994690281,"De 30 \u00e0 44 ans":-0.2744349789,"De 60 \u00e0 74 ans":0.1168570573,"75 ans et plus":0.4093983141,"Rural":-0.1514954572,"Petite ville":-0.1621622971,"Grande ville":-0.4860795982,"Agglom\u00e9ration parisienne":-0.916180097,"Pauvre":0.0081483367,"Riche":-0.0790832895,"Habite en couple":0.1348998539,"Propri\u00e9taire":1.7460162158,"Chauffage \u00e9lectrique individuel":-1.1400395458,"Chauffage non-\u00e9lectrique":-0.900600608,"inflationMoyenne":5.8},"2022-04":{"const":5.4002725216,"NENFANTS":0.0107759352,"Moins de 30 ans":-0.5227593724,"De 30 \u00e0 44 ans":-0.2995615448,"De 60 \u00e0 74 ans":0.0921677818,"75 ans et plus":0.3315272194,"Rural":-0.1675193612,"Petite ville":-0.1671174125,"Grande ville":-0.4551268026,"Agglom\u00e9ration parisienne":-0.7802183722,"Pauvre":0.125341332,"Riche":-0.1207115532,"Habite en couple":0.0682063714,"Propri\u00e9taire":1.6901755581,"Chauffage \u00e9lectrique individuel":-1.1579774807,"Chauffage non-\u00e9lectrique":-0.7655455081,"inflationMoyenne":5.4},"2022-03":{"const":5.1971597681,"NENFANTS":-0.0624234278,"Moins de 30 ans":-0.5275487066,"De 30 \u00e0 44 ans":-0.3347846931,"De 60 \u00e0 74 ans":0.0086983161,"75 ans et plus":0.2377649488,"Rural":-0.1741238233,"Petite ville":-0.2229270732,"Grande ville":-0.6384749095,"Agglom\u00e9ration parisienne":-1.2825326307,"Pauvre":0.1027201386,"Riche":-0.3817154144,"Habite en couple":0.1053688147,"Propri\u00e9taire":1.7219464943,"Chauffage \u00e9lectrique individuel":-0.9422726609,"Chauffage non-\u00e9lectrique":-0.5326304838,"inflationMoyenne":5.1},"2022-02":{"const":4.055545672,"NENFANTS":-0.0016621632,"Moins de 30 ans":-0.3290139965,"De 30 \u00e0 44 ans":-0.1970883077,"De 60 \u00e0 74 ans":0.0129964888,"75 ans et plus":0.177914986,"Rural":-0.0896068375,"Petite ville":-0.0354180494,"Grande ville":-0.226291814,"Agglom\u00e9ration parisienne":-0.613823036,"Pauvre":0.1211354545,"Riche":-0.1350296039,"Habite en couple":0.0035554424,