STATUT,weight_Group_inflation_2022_03,diffTOT
Owner,5.07047831001837,0.41162596306409327
Renter,3.8908376963350784,-0.768014650619198
