STATUT,inflation_avoided,diffTot
L,2.8060637491614027,-0.6061438748482479
P,3.73373652824822,0.3215289042385696
